index;cn/In
0;1
1;
2;
3;
4;
5;
6;
7;
8;
9;
10;
11;
12;
13;
14;
15;
16;
17;
18;
19;
20;
21;
22;
23;
24;
25;
26;
27;
28;
29;
30;
31;
32;
33;
34;
35;
36;
37;
38;
39;31
40;20
41;
42;178
43;HP-25
44;
45;
46;
47;
48;
49;
50;
51;
52;
53;
54;
55;R-38
56;160
57;6116
58;HP-43
59;
60;4
61;
62;
63;
64;1254
65;
66;
67;
68;
69;
70;
71;
72;
73;
74;
75;
76;
77;29
78;
79;
80;
81;
82;
83;1535
84;
85;
86;
87;
88;36
89;590
90;
91;
92;KLM-2
93;
94;
95;
96;
97;
98;
99;
100;
101;
102;5307
103;4759
104;660
105;2
106;
107;1554
108;W10/3
109;
110;
111;
112;
113;86
114;
115;
116;1567
117;
118;591
119;4993
120;
121;4840
122;30
123;
124;
125;
126;
127;798
128;
129;
130;
131;
132;39
133;
134;
135;
136;
137;
138;
139;
140;
141;
142;
143;
144;742
145;439
146;
147;760
148;9
149;1533 (KLM-1)
150;4-AT-26
151;
152;
153;809
154;1531
155;
156;
157;
158;
159;46
160;
161;
162;4-AT-47
163;63
164;
165;3005
166;
167;
168;40
169;
170;
171;53
172;
173;
174;4-AT-41
175;617
176;4-AT-010
177;
178;
179;
180;
181;W10/4
182;5-AT-002
183;151
184;
185;
186;
187;
188;1571
189;
190;5-AT-002
191;239
192;704
193;
194;
195;5748
196;
197;
198;97
199;911
200;1
201;
202;
203;
204;
205;
206;
207;
208;5-AT-046
209;
210;963
211;
212;
213;634
214;
215;5-AT-033
216;44
217;87
218;5-AT-050
219;
220;
221;R-101
222;443
223;
224;120
225;W8-7
226;
227;921
228;
229;
230;
231;
232;
233;
234;
235;241
236;1063
237;442
238;
239;
240;
241;5096
242;64
243;177
244;
245;
246;
247;
248;5AT-029
249;
250;
251;334
252;107
253;178
254;
255;
256;
257;
258;49
259;5226
260;
261;
262;
263;5034
264;
265;
266;
267;
268;
269;1027
270;
271;
272;
273;
274;
275;
276;5-AT-062
277;
278;
279;
280;
281;
282;
283;
284;
285;696
286;
287;
288;
289;
290;
291;
292;
293;
294;5-AT-098
295;
296;184
297;AW-363
298;
299;
300;29
301;2737
302;1701
303;
304;5-AT-005
305;
306;1685
307;
308;
309;
310;
311;
312;
313;47
314;2735
315;528
316;1
317;
318;1739
319;925
320;6606
321;
322;5-AT-066
323;
324;8
325;
326;22
327;5-AT-055
328;176
329;
330;
331;53
332;
333;
334;5004
335;
336;2301
337;
338;2311
339;2311
340;
341;2008
342;
343;4-AT-63
344;1317
345;
346;
347;4051
348;45
349;6031
350;
351;
352;5242
353;
354;1295
355;4-AT-49
356;
357;
358;
359;
360;5-AT-112/5-AT-006
361;5358
362;
363;1335
364;
365;9103
366;
367;195
368;
369;2312
370;1698
371;2033
372;
373;1704
374;906
375;
376;
377;
378;
379;30002
380;915
381;S-752
382;1307
383;4018
384;19
385;5
386;229
387;
388;5-AT-115
389;
390;1247
391;
392;359
393;
394;
395;
396;
397;
398;4211
399;4077
400;A-19/4
401;
402;
403;
404;
405;
406;
407;
408;
409;170
410;
411;
412;5506
413;
414;5498
415;
416;5078
417;1
418;1358
419;1957
420;
421;1258
422;1018
423;
424;1737
425;1696
426;
427;1913
428;1926
429;715
430;S-818
431;1256
432;4207
433;D-LZ129
434;916
435;1055
436;1585
437;30014
438;4305
439;
440;1289
441;
442;
443;2
444;
445;
446;1914
447;1830
448;5827
449;
450;
451;4213
452;11
453;5777
454;1407
455;4207
456;
457;
458;
459;5
460;
461;
462;1299
463;4031/12
464;
465;4063
466;124
467;
468;1439
469;5453
470;1956
471;
472;
473;
474;
475;
476;15013
477;1432
478;
479;AW-785
480;556
481;
482;
483;
484;4024
485;1424
486;94001
487;1369
488;
489;
490;5928
491;
492;1566
493;
494;2316
495;2021
496;
497;4914
498;
499;1907
500;
501;1413
502;
503;1329
504;1408
505;4042
506;
507;S-812
508;
509;
510;
511;1994
512;1366
513;6076
514;1253
515;7372
516;
517;25
518;
519;
520;086/0951
521;5942
522;
523;
524;
525;5800
526;2142
527;
528;5854
529;1444
530;34017
531;1415
532;HP42/1
533;1484
534;
535;5494
536;22
537;1
538;
539;1986
540;2188
541;1369
542;1973
543;1925
544;10
545;
546;2
547;2175
548;32013
549;5523
550;
551;1930
552;1501
553;3204
554;5751
555;2034
556;1985
557;
558;
559;
560;2083
561;12
562;
563;4206
564;7172
565;2124
566;2207
567;
568;3295
569;
570;1982
571;1081
572;S-850
573;
574;9
575;2309
576;S-842
577;
578;1965
579;2133
580;1567
581;
582;1978
583;2129
584;1976
585;
586;
587;403
588;
589;
590;
591;
592;1
593;
594;2081
595;4401
596;7208
597;1555
598;
599;1900
600;5610
601;S-873
602;
603;
604;557
605;4124
606;
607;
608;1990
609;
610;
611;6149
612;S-844
613;1590
614;9374
615;
616;
617;
618;
619;
620;1552
621;
622;4212
623;
624;5459
625;
626;11656
627;4923
628;1588
629;
630;2132
631;7371
632;
633;
634;
635;
636;
637;13893
638;
639;640610
640;2166
641;
642;6561
643;
644;
645;640996
646;2095
647;
648;
649;
650;19498
651;19368
652;112969
653;
654;
655;1008
656;7489
657;12905
658;
659;9514
660;4201
661;
662;
663;10276
664;2114
665;641039
666;
667;20204
668;2113
669;20
670;
671;
672;641382
673;S-877
674;640608
675;640601
676;
677;2251
678;
679;19512
680;
681;
682;2994
683;
684;1965
685;
686;550
687;
688;558
689;2215
690;
691;
692;
693;
694;4728
695;13390
696;
697;2149
698;27064
699;2138
700;20477
701;
702;2262
703;
704;
705;4513
706;
707;
708;2221
709;27269
710;33235
711;
712;27049
713;32738
714;
715;2310
716;
717;
718;
719;
720;2235
721;
722;1723
723;4306
724;2075
725;4137
726;25365
727;34277
728;14554/25999
729;30638
730;2265
731;
732;
733;
734;22414
735;16127/32875
736;
737;14804/26249
738;24
739;299
740;12909
741;
742;
743;10225
744;
745;
746;
747;26640
748;
749;
750;
751;
752;16090/32838
753;2380
754;1999
755;4131
756;
757;33171
758;3254
759;
760;16277/33025
761;2147
762;
763;26
764;2203
765;
766;6013
767;
768;
769;
770;1178
771;
772;
773;
774;12094
775;
776;19626
777;6048
778;27304
779;25291
780;22181
781;14641/26086
782;AAC020
783;
784;2040
785;
786;32982
787;
788;
789;33219
790;12348
791;
792;10103
793;1186
794;4542
795;1272
796;11714
797;42975
798;9214
799;1300
800;
801;12544
802;4549
803;4829
804;42986
805;
806;
807;16091/32839
808;4087
809;27290
810;
811;
812;10471
813;AAC281
814;12971
815;15659/27104
816;AAC311
817;284
818;4873
819;11662
820;
821;20122
822;
823;20590
824;113
825;
826;
827;22427
828;25436/13991
829;9249
830;1365
831;42-68715
832;
833;4805
834;9378
835;2026
836;4315
837;34373
838;
839;3106
840;12014
841;3274
842;
843;
844;19979 / 9503
845;13508
846;25479
847;
848;25251
849;13873/25318
850;18386
851;2944
852;41003
853;10439
854;
855;15129/26574
856;4792
857;15131/26576
858;20488
859;2450
860;
861;
862;1303
863;9066
864;
865;18-2248
866;2029
867;13389
868;10658
869;18324
870;18380
871;AAC136
872;
873;3112
874;2045
875;91
876;9887
877;AAC323
878;1219
879;1366
880;
881;1280
882;
883;19639
884;19559
885;18423801
886;2935
887;SH-38C
888;SH-48C
889;10314/DC45
890;
891;12788
892;42875/17
893;10317
894;42930/45
895;
896;
897;43046/92
898;AAC401
899;12792
900;2028
901;18423509
902;6065
903;
904;
905;
906;7453
907;10677
908;32698
909;
910;4175
911;1408
912;42972
913;148
914;12968
915;275
916;4735
917;4092
918;
919;15901/32649
920;16850/33598
921;1349
922;2533
923;7330
924;4312
925;7
926;
927;12527
928;
929;AAC223
930;43154
931;4185
932;18390
933;35966/DO360
934;11658
935;6252
936;166
937;229
938;2058
939;
940;42932
941;4058
942;6341
943;2938
944;14003/25448
945;1303
946;6675
947;42871/12
948;16992/34254
949;4
950;43119/111
951;9158
952;19113
953;
954;6246
955;SH-02C
956;22355
957;6
958;
959;16383/33131
960;19985
961;10194
962;9165
963;12420
964;9999
965;SH-52C
966;2083
967;1128
968;10406
969;
970;11800
971;2003
972;6538
973;12775
974;
975;4396
976;
977;13807
978;12894
979;18348
980;4256
981;1496
982;12587
983;10181
984;1301
985;13777
986;
987;19584
988;14145/25590
989;1253
990;
991;20208
992;2528 /
993;3708
994;7464
995;
996;199
997;15374/26819
998;13308
999;20576
1000;1965
1001;2194
1002;1316
1003;2382
1004;5
1005;16743/33491
1006;12162
1007;
1008;30506
1009;2541
1010;9350
1011;2558
1012;2936
1013;22463
1014;2260 /
1015;33100
1016;9971
1017;12739
1018;3076
1019;12355
1020;
1021;14600/26045
1022;4518
1023;11725
1024;7445
1025;2939
1026;2546
1027;18365 /
1028;4304
1029;13462
1030;10391
1031;42895/58
1032;4241
1033;9201
1034;22354
1035;22347
1036;4841
1037;2556
1038;11721
1039;10241
1040;3089
1041;
1042;
1043;10046
1044;
1045;10574
1046;13396
1047;12725
1048;9134
1049;12782
1050;1417
1051;19423
1052;3
1053;12826
1054;
1055;
1056;4314
1057;
1058;32973
1059;22582
1060;9156
1061;22496
1062;1546
1063;42937
1064;42990
1065;10270
1066;42910
1067;35971
1068;13824
1069;20359
1070;13769
1071;
1072;2962
1073;12738
1074;
1075;16538/33286
1076;2636
1077;2011
1078;9813
1079;10624
1080;13311
1081;1321
1082;10562
1083;20245
1084;9158
1085;12186
1086;155
1087;2506
1088;9161
1089;10518
1090;19005
1091;19711
1092;15992/32740
1093;14037/25482
1094;13572
1095;16100/32848
1096;3084
1097;14604/2604
1098;20543
1099;4432
1100;27322
1101;12855
1102;13027
1103;4017
1104;15782/32530
1105;43102
1106;9144
1107;10
1108;
1109;12482
1110;
1111;42992
1112;
1113;7400
1114;10396
1115;9073
1116;43173
1117;3768
1118;7341
1119;12291
1120;1957
1121;20229
1122;25559
1123;
1124;10368
1125;1927
1126;
1127;134
1128;17011/34274
1129;
1130;42979
1131;10062
1132;2046
1133;316
1134;43144/155
1135;20662
1136;14822/26267
1137;10171
1138;
1139;5003
1140;19634
1141;10327
1142;6327
1143;26488
1144;13083
1145;42971
1146;9154
1147;43260/180
1148;1559/27036
1149;15970
1150;15985/32733
1151;13853/25298
1152;33346
1153;14007/25452
1154;6891
1155;16224
1156;400
1157;13014
1158;
1159;9160
1160;7352
1161;13265
1162;10512
1163;2077
1164;4999
1165;
1166;22572
1167;41
1168;30466
1169;22485
1170;
1171;13859/25304
1172;106
1173;16699/33447
1174;27279
1175;54
1176;13450
1177;
1178;43055/37
1179;18350
1180;142
1181;12
1182;19160
1183;3284
1184;43
1185;9754
1186;
1187;4695
1188;43111/102
1189;2005
1190;
1191;
1192;13808
1193;22464
1194;9164
1195;13628
1196;10503
1197;22466
1198;33589
1199;15939/12
1200;13405
1201;12148
1202;42954
1203;16894/34151
1204;446
1205;HP-81/15
1206;9001
1207;
1208;
1209;15939
1210;20187
1211;HP-81/7
1212;
1213;1322
1214;
1215;
1216;
1217;9945
1218;
1219;6177
1220;32934
1221;16733
1222;10498
1223;10518
1224;
1225;10528
1226;
1227;464096
1228;
1229;
1230;10319
1231;43238
1232;33486
1233;7391
1234;9692
1235;
1236;262
1237;402-0100
1238;22395
1239;
1240;4308
1241;1304
1242;15283/26728
1243;10290
1244;
1245;43057/73
1246;6014
1247;22400
1248;82
1249;19105
1250;
1251;36076
1252;14004
1253;168
1254;2568
1255;90
1256;19149
1257;20432
1258;19498
1259;43823
1260;6008
1261;
1262;13716
1263;21984
1264;2224
1265;125
1266;2617
1267;14633/26078
1268;19100
1269;2066
1270;43471
1271;42901/153
1272;
1273;
1274;
1275;2628
1276;9143
1277;
1278;26403
1279;2674
1280;6333
1281;13817/25262
1282;13113
1283;116
1284;9694
1285;22384
1286;154
1287;14146/25591
1288;26403
1289;2616
1290;43125
1291;2181
1292;
1293;12797
1294;11810
1295;128
1296;
1297;
1298;19616
1299;599
1300;6003
1301;19540
1302;
1303;42903/150
1304;11854
1305;4940
1306;33423
1307;
1308;
1309;20358
1310;37
1311;9958
1312;2554
1313;12360
1314;10732
1315;7358
1316;19509
1317;10341
1318;6011
1319;150
1320;
1321;2603
1322;12387
1323;13792
1324;15948/32696
1325;19830
1326;11982
1327;30400
1328;4464
1329;61
1330;
1331;10310
1332;13977/25422
1333;2664
1334;
1335;12809
1336;4630
1337;43556/257
1338;9408
1339;
1340;4509
1341;19278
1342;212
1343;20510
1344;4108
1345;
1346;44
1347;
1348;11745
1349;19211
1350;12549
1351;19292
1352;44418/487
1353;20197
1354;15943
1355;
1356;
1357;
1358;14081 / 4255
1359;180
1360;
1361;13037
1362;12779
1363;43063/60
1364;14120
1365;15109/26554
1366;11699
1367;3992
1368;20224
1369;66
1370;43715
1371;15932
1372;30430
1373;43001/32
1374;2666
1375;14010
1376;16820/33568
1377;4791
1378;
1379;10292
1380;2032
1381;
1382;2088
1383;71
1384;1968
1385;40
1386;
1387;
1388;11692
1389;13285
1390;12579
1391;6257
1392;8
1393;12831
1394;158
1395;10410
1396;10277
1397;18389
1398;178
1399;43538
1400;3123
1401;27294
1402;43483
1403;
1404;15845/32593
1405;30262
1406;
1407;2533
1408;4651
1409;15552/26997
1410;9385
1411;4509
1412;
1413;6079
1414;
1415;
1416;43835/380
1417;14918/2636
1418;16813/33561
1419;12989
1420;16670/33418
1421;10230
1422;
1423;14103
1424;15954
1425;520-7
1426;
1427;
1428;13165
1429;
1430;6052
1431;4561
1432;151
1433;44288 / 4016
1434;55
1435;
1436;13328
1437;14348/2579
1438;43843/324
1439;27069
1440;4978 / 20995
1441;FK-975
1442;43691
1443;15959
1444;
1445;
1446;HP-81/11
1447;14093
1448;10324
1449;19757
1450;1971
1451;93013517
1452;45075
1453;2560
1454;
1455;128
1456;8
1457;162
1458;9101
1459;54-0165
1460;104
1461;188
1462;12312
1463;6
1464;45192 / 4447
1465;44678/543
1466;43475
1467;27239
1468;
1469;4338
1470;4
1471;
1472;4867
1473;16246
1474;30283
1475;14411/25856
1476;13048
1477;
1478;
1479;4514
1480;241
1481;20318
1482;12757
1483;151
1484;7449
1485;13626
1486;6341407
1487;20737
1488;19448
1489;7408
1490;12501
1491;4504
1492;22
1493;18374
1494;146000607
1495;4851
1496;17139/3440
1497;4754
1498;7337
1499;456
1500;14099
1501;30249
1502;150
1503;19332
1504;
1505;12917
1506;15960/40
1507;14117
1508;S-1299
1509;12828
1510;27227
1511;13837/25282
1512;
1513;
1514;
1515;
1516;10200
1517;
1518;18336
1519;52
1520;44622/
1521;5217
1522;
1523;
1524;12762
1525;
1526;196
1527;2312
1528;19988
1529;45072/793
1530;
1531;J5109
1532;135
1533;19779
1534;14113
1535;45142 /243-31
1536;45157/737
1537;108
1538;
1539;20001
1540;33304
1541;15923
1542;2665
1543;4820
1544;493
1545;10051
1546;17348
1547;19317
1548;102
1549;7336
1550;10544
1551;4841
1552;90
1553;
1554;3136
1555;127
1556;
1557;30288
1558;
1559;4822
1560;3134
1561;1307
1562;
1563;4575
1564;13839
1565;
1566;
1567;63
1568;91
1569;4345
1570;
1571;59144
1572;22480
1573;28
1574;
1575;43827/337
1576;103
1577;10053
1578;19667
1579;2007
1580;4602
1581;22404
1582;30514
1583;33411
1584;55
1585;1255
1586;1924
1587;D- 1019
1588;1015
1589;429
1590;26818
1591;18367
1592;82
1593;12493
1594;12776
1595;2
1596;20176
1597;30242
1598;22586
1599;1256
1600;19334
1601;12210
1602;1978
1603;287
1604;26829
1605;19790
1606;30482
1607;
1608;10418
1609;1015
1610;
1611;9549
1612;337
1613;17641/36
1614;16112/3286
1615;6411
1616;26809
1617;
1618;10504
1619;106
1620;45366/892
1621;10486
1622;1090
1623;19656
1624;9491
1625;20447
1626;10360
1627;45355
1628;9401402
1629;4824
1630;9159
1631;26941
1632;
1633;
1634;378
1635;401
1636;13535
1637;19226
1638;12821
1639;43742/300
1640;47
1641;217
1642;014/14
1643;189001202
1644;4556
1645;14132
1646;10510
1647;13326 / 43685-307
1648;45231/945
1649;
1650;
1651;6006
1652;1057
1653;2927/384
1654;26945
1655;4823
1656;
1657;43971
1658;32954
1659;17
1660;3099
1661;15353/26798
1662;43072
1663;43031/127
1664;22554
1665;22-00-16
1666;10112
1667;2555
1668;191
1669;
1670;4273
1671;34379
1672;45462/925
1673;12926
1674;
1675;58420
1676;78
1677;9030
1678;189001702
1679;
1680;210
1681;4622
1682;44914/646
1683;
1684;437
1685;7388
1686;427
1687;1062
1688;14090
1689;22481
1690;96601701
1691;10320
1692;22458
1693;19792
1694;0001A
1695;
1696;295
1697;
1698;9716
1699;1027
1700;43508
1701;45290 /4021
1702;212
1703;20593
1704;105807110
1705;14066/25511
1706;45432/105
1707;4467
1708;19672
1709;43670
1710;17629/8
1711;13052
1712;17624/92
1713;19986
1714;4473
1715;180002102
1716;
1717;45615
1718;2019
1719;10530
1720;193
1721;
1722;45307
1723;181002904
1724;43136
1725;45243/919
1726;20492
1727;152
1728;22465
1729;
1730;2035
1731;13305
1732;4960
1733;12514
1734;44058/365
1735;68
1736;43559
1737;1142
1738;10182
1739;16171/32919
1740;
1741;13260
1742;44872
1743;1976
1744;2615
1745;6430
1746;
1747;46
1748;18058/202
1749;10951/ 11082
1750;
1751;6456
1752;1020
1753;33579
1754;
1755;7331
1756;12
1757;19653
1758;17633/12
1759;45160/754
1760;16189/32937
1761;83
1762;44254/456
1763;3047
1764;4804
1765;4817
1766;
1767;
1768;
1769;12075
1770;443
1771;12180
1772;
1773;25
1774;
1775;
1776;3154
1777;4310
1778;17611/49
1779;17920/159
1780;21604
1781;18247/274
1782;
1783;86601301
1784;
1785;45631/160
1786;42918
1787;20289
1788;4647
1789;6464
1790;13394
1791;402003
1792;11769
1793;6216
1794;45273/121
1795;4551
1796;25839
1797;86601103
1798;
1799;2463
1800;90807103
1801;18127
1802;20230
1803;12142
1804;4827
1805;218
1806;10191
1807;25086
1808;125
1809;21703
1810;16074/3282
1811;444
1812;128
1813;10773
1814;180002002
1815;107
1816;17906/129
1817;45084/711
1818;4697
1819;2047
1820;4810
1821;395
1822;
1823;103
1824;18339
1825;2001
1826;
1827;
1828;6
1829;6
1830;22380
1831;356
1832;
1833;244
1834;4851
1835;402104
1836;18354/224
1837;454448/944
1838;16115/32863
1839;24-2144
1840;1218
1841;43547/204
1842;6461
1843;
1844;195
1845;16477/33225
1846;149
1847;45479/996
1848;159
1849;
1850;45209/861
1851;20265
1852;9877
1853;14803072
1854;19461
1855;
1856;246
1857;15444/26889
1858;14140
1859;15204/26889
1860;21605
1861;12813
1862;22510
1863;6441
1864;1528
1865;39
1866;22391
1867;14026
1868;2350701
1869;18226/18229
1870;147
1871;216
1872;192
1873;45167
1874;13915
1875;3
1876;
1877;6341301
1878;4
1879;9799
1880;45654/179
1881;26571
1882;17588/3
1883;10424
1884;213
1885;45536
1886;14713/26158
1887;
1888;12319
1889;A-811
1890;19024
1891;
1892;
1893;
1894;14944/2638
1895;
1896;
1897;45428/61
1898;53
1899;13423
1900;2025
1901;12374
1902;4970
1903;18379
1904;9642
1905;
1906;328
1907;10315
1908;15530/26975
1909;023/21
1910;
1911;36
1912;
1913;
1914;
1915;68
1916;4649
1917;
1918;12899
1919;
1920;
1921;20072
1922;
1923;92
1924;17685/123
1925;103
1926;
1927;44860/616
1928;
1929;
1930;
1931;13371
1932;180002402
1933;66
1934;
1935;19680
1936;44062/384
1937;2562
1938;146000926
1939;
1940;
1941;
1942;29
1943;185-5075
1944;
1945;18384
1946;
1947;7375
1948;
1949;20396
1950;14541/25986
1951;4812
1952;
1953;30328
1954;
1955;
1956;17513
1957;
1958;43967
1959;26810
1960;45513/1004
1961;45455/981
1962;127
1963;4436
1964;
1965;3808
1966;4892
1967;2350803
1968;160
1969;4753
1970;18
1971;12089
1972;388
1973;
1974;170
1975;15762/27207
1976;
1977;45369/984
1978;4550
1979;18379
1980;
1981;18148
1982;18336
1983;17609/25
1984;10279
1985;
1986;
1987;43844/334
1988;4409
1989;
1990;
1991;
1992;10826
1993;30571
1994;18328/146
1995;249
1996;3693
1997;
1998;1926
1999;12000
2000;17009/34272
2001;20301
2002;17586/1
2003;
2004;6182
2005;19431
2006;1996
2007;13403
2008;708
2009;20876
2010;
2011;4402
2012;18901/153
2013;5351801
2014;18322/130
2015;
2016;23-063
2017;4848
2018;18387/286  / 4526
2019;33215
2020;13474
2021;20260
2022;
2023;18
2024;
2025;13463 / 19719
2026;18325
2027;
2028;18055/200
2029;20151
2030;
2031;464
2032;18822/126
2033;10271
2034;
2035;130
2036;43829/351
2037;45761/237
2038;
2039;17706/113
2040;
2041;B-32
2042;45504/1009
2043;57302009
2044;22473
2045;
2046;185-5141
2047;20156
2048;1136
2049;2521
2050;
2051;
2052;17515/124
2053;
2054;2941
2055;1962
2056;
2057;20573
2058;45751/231
2059;
2060;33457
2061;70
2062;18428005
2063;45652/176
2064;
2065;
2066;
2067;22534
2068;1114
2069;12903
2070;134
2071;19410
2072;416
2073;42929
2074;45794/52
2075;209
2076;2041
2077;27307905
2078;
2079;
2080;
2081;4413
2082;2023
2083;18995/221
2084;14170
2085;4284
2086;184007101/356
2087;
2088;CV429
2089;1270805
2090;1002
2091;31
2092;19630
2093;
2094;22417
2095;
2096;
2097;10359
2098;33559
2099;190
2100;
2101;
2102;401504
2103;355
2104;
2105;2021
2106;42894/56
2107;10147
2108;45253/5
2109;23
2110;4
2111;45777/80 / 
2112;33262
2113;73
2114;30
2115;317
2116;
2117;
2118;45409/19
2119;
2120;
2121;
2122;
2123;3065
2124;4118
2125;13232
2126;4364
2127;4631
2128;10306
2129;185-5078
2130;
2131;
2132;4470
2133;30200
2134;45653/178
2135;10279
2136;153
2137;3534
2138;15235/26680
2139;13076
2140;3260
2141;
2142;4040
2143;3591
2144;176
2145;4849
2146;98
2147;
2148;
2149;025/24
2150;10285
2151;42991
2152;18295/4 / 
2153;
2154;
2155;
2156;
2157;20070
2158;187009705
2159;
2160;3692
2161;
2162;6449
2163;
2164;
2165;
2166;202/204
2167;22-00-37
2168;17669/43
2169;184007002
2170;22-00-27
2171;
2172;
2173;
2174;
2175;10284
2176;BA-623
2177;
2178;
2179;
2180;19202
2181;9189
2182;67302909
2183;
2184;
2185;
2186;
2187;10427
2188;
2189;185-5114
2190;17771/241
2191;14040
2192;185-5237
2193;17698/44
2194;24003
2195;19175/339
2196;
2197;26696
2198;187010601
2199;19724
2200;20039
2201;19
2202;43748/314
2203;
2204;
2205;178
2206;45772/30
2207;
2208;185-5241
2209;18373
2210;6330
2211;
2212;7339
2213;
2214;
2215;19705
2216;183006804
2217;
2218;
2219;1099
2220;6788
2221;3600
2222;
2223;
2224;30/10/2003
2225;
2226;18790/394
2227;503
2228;
2229;
2230;20082
2231;5211
2232;
2233;219
2234;19211/518
2235;33481
2236;33445
2237;43588
2238;
2239;45630
2240;176 / 
2241;394
2242;557
2243;10356
2244;
2245;67302806
2246;1580
2247;
2248;199
2249;187009101
2250;
2251;244
2252;17249/16
2253;10445
2254;
2255;213
2256;
2257;
2258;14
2259;
2260;805120
2261;4100
2262;13764
2263;
2264;517
2265;
2266;45954
2267;148
2268;22265
2269;
2270;49
2271;
2272;
2273;19696/688
2274;410
2275;4229
2276;
2277;
2278;369
2279;4035
2280;3
2281;45
2282;20554
2283;12541
2284;
2285;19690/540
2286;386
2287;
2288;45822
2289;20415
2290;19891/631
2291;4151
2292;
2293;4151
2294;6320
2295;157
2296;14125
2297;47243/448
2298;
2299;188011301
2300;1946
2301;22445
2302;67302406
2303;
2304;271
2305;4318
2306;
2307;
2308;10214
2309;9407
2310;4489
2311;4280
2312;13783/25228
2313;
2314;22456
2315;9629
2316;10363
2317;19256/355
2318;
2319;18477
2320;U-106
2321;
2322;U16
2323;42956
2324;
2325;175
2326;
2327;826
2328;18712/373
2329;073/73
2330;
2331;4828
2332;
2333;596
2334;15777/27222
2335;
2336;18459/335
2337;402807
2338;55299
2339;
2340;4491
2341;
2342;47211/357 / 
2343;92
2344;15618/27063
2345;440
2346;10860
2347;19255/331
2348;43273
2349;
2350;
2351;
2352;15383/26828
2353;
2354;402406
2355;531
2356;804
2357;45540/1016
2358;
2359;
2360;44694
2361;13529
2362;
2363;30/10/1932
2364;
2365;16964
2366;10591
2367;
2368;71
2369;1965
2370;59900202
2371;
2372;5351706
2373;1539
2374;77303310
2375;182004303
2376;41
2377;4544
2378;47500/546
2379;
2380;9780
2381;301015
2382;205
2383;556
2384;5508
2385;
2386;
2387;032/33
2388;79901204
2389;
2390;3012
2391;1643
2392;10948
2393;6
2394;47407/457
2395;5221
2396;379
2397;10311
2398;23-046
2399;
2400;254
2401;14009
2402;14116
2403;96601803
2404;10246
2405;10411
2406;6156
2407;6415
2408;46114/526
2409;9340207
2410;
2411;46005/412
2412;
2413;185-5129
2414;10163
2415;1106
2416;2110
2417;
2418;10336
2419;111
2420;1350502
2421;9910503
2422;45951/414
2423;87
2424;
2425;10356
2426;3251
2427;7345003
2428;14151
2429;4025
2430;
2431;16660/33408
2432;4221
2433;
2434;33060
2435;47245/510
2436;
2437;46060/472
2438;20236
2439;
2440;36
2441;12103
2442;130
2443;9340205
2444;20240
2445;10330
2446;2
2447;181003603
2448;6439
2449;19345 / 
2450;186009002
2451;44
2452;
2453;5343610
2454;LA-093
2455;10428
2456;94
2457;347403
2458;
2459;26683
2460;20363
2461;19439
2462;8400701
2463;13136
2464;
2465;
2466;
2467;4285
2468;121
2469;
2470;1351205
2471;25177/25181/25182
2472;491-161
2473;181992903
2474;10238
2475;47441/503 / 
2476;384
2477;18238
2478;43043/83
2479;4642
2480;2134
2481;
2482;20505
2483;
2484;820202
2485;20436/788
2486;19639/2
2487;
2488;
2489;
2490;
2491;31-422
2492;512
2493;19304/287
2494;207
2495;
2496;9334
2497;9350801
2498;4977
2499;706
2500;21603
2501;
2502;
2503;19348
2504;BA-211
2505;
2506;U-44
2507;4243
2508;448
2509;67302306
2510;122
2511;
2512;57301801
2513;47166/265 / 
2514;
2515;185008104
2516;1086
2517;1598
2518;163
2519;
2520;47213/358
2521;442
2522;
2523;47482/592
2524;43126/132
2525;51
2526;
2527;75
2528;43126
2529;
2530;3775
2531;
2532;
2533;541
2534;17793/263
2535;267
2536;47503/587
2537;3071
2538;22577
2539;2059
2540;10251
2541;
2542;881
2543;17102/34369
2544;
2545;3992
2546;9040314
2547;45625/150
2548;26613
2549;
2550;
2551;10439
2552;31
2553;
2554;2037
2555;45700
2556;
2557;
2558;185-5152
2559;30460
2560;33369
2561;
2562;45860/213
2563;22-7-1-53
2564;
2565;3070
2566;
2567;2109
2568;14085
2569;
2570;083 / 013
2571;1029
2572;
2573;
2574;45617/136
2575;
2576;56
2577;
2578;11716 / 11723
2579;3817
2580;10175
2581;702
2582;26979
2583;4705
2584;
2585;182004505
2586;SH-1840
2587;26903
2588;4325
2589;9950
2590;
2591;10588
2592;14196/25641
2593;13729
2594;183006405
2595;
2596;70301
2597;572
2598;35912
2599;2155
2600;221
2601;50
2602;10301
2603;
2604;146001046
2605;
2606;46057/474
2607;
2608;30/10/2025
2609;19845/809
2610;4059
2611;15281/26726
2612;10314
2613;
2614;19069/75
2615;23-094
2616;22-00-29 / 47159/231
2617;3098
2618;258
2619;11011
2620;1011
2621;45130/823
2622;18826/389
2623;158
2624;77303609
2625;20494/850
2626;
2627;45476/977
2628;188011101
2629;
2630;23
2631;
2632;19242
2633;20244/650
2634;
2635;189001804
2636;9120118
2637;97305702
2638;
2639;70
2640;182005602
2641;228
2642;47077/148 /30-10-22
2643;20185
2644;541
2645;185-5189
2646;22174
2647;745
2648;5547 / 1
2649; / 185-5547
2650;111
2651;
2652;
2653;
2654;820303
2655;10078
2656;10081
2657;20486/279
2658;126/127
2659;1-feb
2660;19106/502
2661;47100/153
2662;1351306
2663;19106/683
2664;18959
2665;513
2666;
2667;47075/166
2668;
2669;21504
2670;225/224
2671;211
2672;87304305
2673;4105
2674;1115
2675;6008
2676;18916/455
2677;
2678;46146
2679;
2680;151/149
2681;BA-176
2682;
2683;
2684;56
2685;20182
2686;21904
2687;9346502
2688;259
2689;2068
2690;210
2691;
2692;150
2693;46700/14
2694;19368/640
2695;14910/26355
2696;21901
2697;NA741/25213
2698;43718/371
2699;3351406
2700;18838
2701;
2702;444
2703;
2704;069/84
2705;350202
2706;1498
2707;11015
2708;22490
2709;U-125
2710;77303405
2711;1704
2712;
2713;1905
2714;77303610
2715;
2716;11057
2717;
2718;
2719;19376/661
2720;19638/3
2721;
2722;
2723;
2724;30195
2725;4393
2726;46704/29
2727;
2728;
2729;138
2730;266
2731;27242
2732;
2733;19268/544
2734;186009005
2735;184007703
2736;U-41
2737;
2738;44069/396
2739;4225
2740;9221122
2741;13078
2742;380
2743;1999
2744;
2745;10507
2746;20304
2747;11850
2748;
2749;181003304
2750;4527
2751;
2752;95
2753;300-6126
2754;4422
2755;10422
2756;20063/789
2757;47400/443
2758;19819
2759;
2760;
2761;
2762;175
2763;
2764;73A-048
2765;4106
2766;
2767;15551/26996
2768;
2769;
2770;
2771;
2772;4234
2773;
2774;1141
2775;154
2776;
2777;25452/14007
2778;9465
2779;19747/29
2780;500-0108
2781;20296
2782;20306/791
2783;45818/242
2784;1125
2785;
2786;9131119
2787;47056/89
2788;
2789;27307606
2790;351002
2791;20074
2792;
2793;140
2794;
2795;83
2796;
2797;184007104
2798;
2799;11058
2800;2189
2801;
2802;43080
2803;1590
2804;D-85
2805;43520/222
2806;
2807;110021
2808;
2809;10701
2810;10404
2811;85
2812;6054
2813;21
2814;
2815;
2816;
2817;12807
2818;27-2081
2819;
2820;190
2821;1625
2822;20443/837
2823;
2824;10403
2825;U- 61
2826;19730
2827;1087
2828;
2829;
2830;9442037
2831;3161
2832;439
2833;18767/376
2834;
2835;19798/608
2836;9330230
2837;31502
2838;
2839;
2840;21
2841;9350702
2842;4292
2843;11039
2844;53
2845;142
2846;19525/439
2847;14067
2848;
2849;328
2850;47457/620
2851;
2852;
2853;6142
2854;97305708
2855;9431736
2856;67302707
2857;
2858;27-3960
2859;
2860;440
2861;
2862;18020/165
2863;3351001
2864;125
2865;
2866;439
2867;10280
2868;
2869;4682
2870;1683
2871;
2872;110011
2873;184007505
2874;
2875;43519/221
2876;18143/482
2877;
2878;36326
2879;66600201
2880;B131
2881;14803061
2882;24
2883;186009201
2884;20700089
2885;
2886;67302501
2887;
2888;18821
2889;
2890;
2891;1540
2892;
2893;30090
2894;
2895;19837/499
2896;428
2897;450
2898;2156
2899;19677/73
2900;57310108
2901;
2902;213
2903;102
2904;1007
2905;14
2906;
2907;19
2908;
2909;
2910;
2911;189001605
2912;
2913;19715/642
2914;27344
2915;377
2916;
2917;
2918;6259
2919;6257
2920;83
2921;4408
2922;
2923;37308504 / 9030713
2924;47649741 / 2320
2925;20982/1087
2926;67
2927;
2928;18203/518
2929;45467/970
2930;45611/48
2931;
2932;231
2933;17671/48
2934;
2935;4593
2936;110004
2937;10142
2938;
2939;
2940;4361
2941;21204
2942;
2943;262
2944;47309604
2945;20763
2946;27-82
2947;7462
2948;24B-192
2949;86601203
2950;46148/553
2951;463
2952;372
2953;13253
2954;10147
2955;190013167
2956;183006703
2957;13154
2958;13475
2959;4491
2960;46050/430
2961;1076
2962;
2963;19643/11 / 20400/157
2964;486
2965;9010310
2966;47393/608
2967;4958
2968;
2969;143
2970;
2971;6344307
2972;18579/332
2973;61427
2974;51903
2975;
2976;110057
2977;110083
2978;4280
2979;27307505
2980;
2981;6069
2982;264
2983;45534
2984;6096
2985;
2986;
2987;230
2988;
2989;
2990;
2991;
2992;SH-1850
2993;21
2994;1441
2995;185
2996;196
2997;540
2998;45359/868
2999;
3000;8350605
3001;
3002;46152/550
3003;
3004;
3005;3
3006;
3007;
3008;388
3009;20972/1096
3010;19736/696
3011;546
3012;155
3013;
3014;
3015;54
3016;20585/306
3017;
3018;27307602
3019;185-5225
3020;4837
3021;
3022;200
3023;45880/275
3024;184
3025;278
3026;
3027;
3028;183
3029;19959/124
3030;
3031;61P0245041
3032;42958
3033;110128
3034;19301
3035;U037
3036;20142/253
3037;
3038;
3039;
3040;46904
3041;
3042;11993
3043;1744
3044;
3045;
3046;8350501
3047;
3048;10235
3049;
3050;
3051;
3052;19363/623
3053;
3054;402B0930
3055;43565/243
3056;
3057;19464
3058;
3059;76A-169
3060;
3061;47197
3062;
3063;1032
3064;22557
3065;1195
3066;
3067;541
3068;
3069;
3070;215
3071;187009803
3072;297
3073;
3074;18
3075;
3076;10328
3077;
3078;
3079;19688/589 / 
3080;A415
3081;12050
3082;10572
3083;9431335
3084;
3085;613
3086;97305504
3087;
3088;
3089;
3090;
3091;46020/415
3092;
3093;469
3094;
3095;19053
3096;
3097;61P-0501-206
3098;387
3099;
3100;20485/277
3101;21059538
3102;
3103;47227/334
3104;442
3105;45972/357
3106;
3107;67302207
3108;760513
3109;61-0008
3110;19
3111;10570
3112;1G159-02
3113;100-010
3114;48
3115;101
3116;10456
3117;16681/33429
3118;45108/770
3119;
3120;
3121;
3122;11094
3123;41
3124;20886/1061
3125;2172
3126;921001
3127;9410233
3128;48530
3129;U20604755
3130;186009402
3131;47
3132;32R-7885024
3133;1166
3134;61426
3135;329
3136;3809
3137;46510/22
3138;
3139;253
3140;88
3141;229
3142;572
3143;U- 54
3144;245
3145;11055
3146;402B1034
3147;195
3148;17062
3149;19107/507
3150;14125
3151;1542
3152;110
3153;760509
3154;515
3155;
3156;
3157;35-029
3158;2351516 / 05040
3159;1702
3160;9346407
3161;3351003
3162;415
3163;77303602
3164;21
3165;18887/431
3166;44287
3167;47667/776
3168;238
3169;17872/342
3170;122
3171;20700326
3172;
3173;45919/312
3174;
3175;
3176;
3177;519
3178;46929/107
3179;630
3180;
3181;310R0005
3182;
3183;9431136
3184;2016
3185;
3186;20275/844
3187;46910/182
3188;
3189;294
3190;2810
3191;14114
3192;10853
3193;55
3194;11071
3195;39
3196;474
3197;
3198;19817/537
3199;45/3N
3200;545
3201;9840959
3202;BB-0245
3203;
3204;
3205;20262/830
3206;11004
3207;4659
3208;28-7305503
3209;760008
3210;
3211;695
3212;19111/297
3213;3770
3214;19279/288
3215;1568
3216;208
3217;147001642
3218;165
3219;25-271
3220;4520
3221;118
3222;9721753
3223;TC-228
3224;9910403
3225;
3226;45724/22
3227;110-242
3228;355
3229;402B0817
3230;
3231;317405138
3232;45598/57
3233;
3234;30203
3235;277
3236;644
3237;35-196
3238;1161
3239;4357
3240;1169
3241;353
3242;4350
3243;4404
3244;4861
3245;4569
3246;4128
3247;
3248;142
3249;1347710
3250;
3251;4406
3252;6281
3253;279
3254;21773/366
3255;9703
3256;45085/714
3257;
3258;LW-181
3259;
3260;1030
3261;112
3262;U-101
3263;
3264;7660402
3265;310R0007
3266;
3267;62012
3268;110-144
3269;
3270;4074
3271;
3272;
3273;18340
3274;7306007
3275;
3276;
3277;19395
3278;23-068
3279;238
3280;12209
3281;18235
3282;212
3283;4830
3284;327
3285;457
3286;
3287;
3288;4792
3289;147001141
3290;701
3291;9884
3292;1560
3293;
3294;34
3295;10557
3296;
3297;327
3298;11743
3299;47621/729
3300;
3301;19939/151
3302;47309204
3303;9511539
3304;110206
3305;9431236
3306;4623
3307;
3308;4594
3309;24-146
3310;11141
3311;404-0680
3312;2607
3313;416
3314;47622/753
3315;
3316;81A-480
3317;746
3318;43683/305
3319;48047/998
3320;AF-381
3321;
3322;
3323;1481
3324;609
3325;
3326;
3327;781101
3328;
3329;19556/130
3330;
3331;47821/320
3332;57310202
3333;140
3334;
3335;
3336;45889/291
3337;19251
3338;44168/431
3339;105
3340;568
3341;21635/365
3342;8040104
3343;D-4114
3344;17776
3345;11078
3346;212
3347;
3348;4645
3349;2170
3350;
3351;760038
3352;15
3353;4033
3354;
3355;20907
3356;1258
3357;
3358;21347/1282
3359;536
3360;17723/100
3361;404--425
3362;4037536
3363;19457/518
3364;1636
3365;
3366;6414038
3367;
3368;
3369;19658/47
3370;501
3371;781120 / 17113
3372;
3373;160
3374;300-6065
3375;249
3376;25B-119
3377;
3378;46962/238
3379;
3380;459
3381;
3382;72503
3383;
3384;30575
3385;
3386;4607
3387;713
3388;32-7500008
3389;AC-449
3390;
3391;
3392;63
3393;
3394;31-7852161
3395;5208
3396;189001401
3397;327A
3398;46010/406
3399;757
3400;21603/1389
3401;4693
3402;
3403;30761
3404;395
3405;47025/106
3406;
3407;25-030
3408;BB-0038
3409;558
3410;1755
3411;9320628
3412;
3413;
3414;125
3415;293
3416;20227
3417;1141
3418;11132
3419;47196/278
3420;
3421;185-5160
3422;394
3423;
3424;4694
3425;
3426;22607/775
3427;61-770
3428;22520/47
3429;404-0006
3430;745
3431;
3432;31-7752118
3433;4333
3434;BB-0320
3435;60630
3436;20559/186
3437;274
3438;2169 / 
3439;21734/566
3440;
3441;518
3442;9131918
3443;
3444;110026
3445;512
3446;1716
3447;SH3074
3448;22775
3449;632
3450;
3451;21381
3452;11090
3453;20820 / 47645
3454;
3455;18707/349
3456;213
3457;37308704
3458;55
3459;15745/27190
3460;4352308
3461;36036
3462;218/58N
3463;67310607
3464;TC-240
3465;4342002
3466;
3467;500-0237
3468;404-0685
3469;
3470;46871
3471;4324
3472;
3473;444
3474;BL-52
3475;
3476;10559
3477;402B-0852
3478;24-287
3479;110088 / 110170
3480;
3481;22636
3482;1034
3483;23-085
3484;
3485;110-013
3486;
3487;
3488;300-6037
3489;
3490;669
3491;
3492;38
3493;10453
3494;
3495;402A-0038
3496;12938
3497;12485
3498;
3499;U187 /
3500;21295/484
3501;756
3502;402C-06550
3503;303
3504;1G168-04
3505;45754/224
3506;
3507;500-0032
3508;
3509;115
3510;243
3511;34
3512;83412354
3513;7340106
3514;20811
3515;110294
3516;446
3517;770706
3518;110-365
3519;
3520;
3521;317
3522;376
3523;338
3524;22556/1793
3525;1044
3526;27308110
3527;188011102
3528;
3529;1121
3530;3109
3531;110341
3532;497
3533;
3534;63971
3535;LD-231
3536;
3537;33448421
3538;
3539;693
3540;21777/1487
3541;22805/564
3542;87304104
3543;17237/4
3544;4044
3545;11165
3546;257133
3547;
3548;21810/604
3549;20611/894
3550;
3551;10118
3552;319
3553;23253 /
3554;
3555;219
3556;
3557;501-0022
3558;157
3559;181
3560;20844/1065
3561;110-063
3562;21473/330
3563;
3564;311
3565;
3566;45067/709
3567;1163
3568;20783/230
3569;346
3570;20374/838
3571;
3572;22033/743
3573;U-22
3574;17931
3575;67
3576;57314106
3577;47309/393
3578;
3579;U156
3580;1901708
3581;208-00017
3582;402B-0304
3583;110090
3584;371
3585;32936
3586;9230923
3587;192
3588;10501
3589;24-265
3590;208-00006
3591;221
3592;
3593;4898
3594;21191/450
3595;
3596;46058/433
3597;SH-1978
3598;13658
3599;40
3600;425
3601;20096/190
3602;1547
3603;1045
3604;20226/168
3605;7304108
3606;
3607;110370
3608;108/15N
3609;400
3610;1400103
3611;
3612;
3613;22414/1748
3614;20845/1066
3615;4161
3616;780
3617;45078
3618;
3619;1061
3620;9321728
3621;414A0242
3622;19
3623;
3624;10659
3625;635
3626;18600/639
3627;248 /
3628;60955
3629;60482
3630;9492
3631;32186
3632;785
3633;3194
3634;10277
3635;20700603
3636;4410201
3637;2596
3638;47356/470 /
3639;402-0130
3640;20351/127
3641;3076
3642;1028
3643;120019
3644;SH-1851
3645;4391
3646;780905
3647;20499/284
3648;141
3649;28-7890344
3650;63457
3651;62327
3652;700
3653;10335
3654;
3655;
3656;MJ004
3657;
3658;63145
3659;37308907
3660;21183
3661;14056
3662;65
3663;19822/726
3664;404
3665;
3666;TC-327 /
3667;208-00106
3668;208-00044
3669;55-070
3670;110-262
3671;
3672;
3673;160
3674;9901
3675;18136/475
3676;
3677;24-118
3678;
3679;4020067
3680;LJ-0793
3681;47741/836
3682;19209/510
3683;TC-202
3684;404-0612
3685;401712
3686;271
3687;3344942
3688;26324
3689;327540064
3690;363
3691;474
3692;76
3693;501-0203
3694;19
3695;14105
3696;5805
3697;9241824
3698;10357
3699;1637
3700;4325
3701;
3702;16687
3703;23-013
3704;22602
3705;187009901
3706;48090/1040
3707;31-7405489
3708;22267/685
3709;25290
3710;
3711;115
3712;21061324
3713;10689
3714;419
3715;46
3716;9346702
3717;310N0078
3718;SH-1971
3719;292
3720;45726/36
3721;UB-58
3722;208-00059
3723;2029
3724;AC-457
3725;22171/488
3726;20522/855
3727;
3728;E-2027
3729;10548
3730;217
3731;SH-3719
3732;
3733;120-033
3734;1588
3735;402C0642
3736;31-7752077
3737;31-7652151
3738;459
3739;22635/774
3740;36-041
3741;246
3742;77A254
3743;9531442
3744;237
3745;421A0002
3746;AC-500
3747;AC-622
3748;1351501
3749;20930/1044
3750;110-402
3751;546
3752;282-68
3753;
3754;18999/240
3755;45859/253
3756;21541
3757;
3758;6154
3759;701SA
3760;851422
3761;7007
3762;35-442
3763;6341406
3764;20209
3765;28
3766;32-301
3767;23838
3768;
3769;10443
3770;282-68
3771;3720
3772;48050/989
3773;
3774;9
3775;186
3776;39
3777;44615/541
3778;18881/436
3779;18502033
3780;9620247
3781;245
3782;
3783;3708
3784;283
3785;10452
3786;770801
3787;
3788;2159
3789;110-192
3790;229
3791;20750/992
3792;215
3793;60925
3794;1052
3795;1789
3796;23914/1456
3797;
3798;18092/431
3799;32-40432
3800;19630/746
3801;10173
3802;20481/271
3803;11059
3804;67302209
3805;288190170
3806;110226
3807;
3808;TC-334E
3809;670
3810;790323
3811;45203/776
3812;
3813;83413388
3814;19168/508
3815;782SA
3816;19646/15
3817;2139
3818;23867/1603
3819;1582
3820;19344
3821;4124
3822;18607
3823;10325
3824;730
3825;19572/687
3826;80A-408
3827;21828/408
3828;402B0527
3829;19875/89
3830;44642/586
3831;25290
3832;11060
3833;604
3834;47192/287
3835;
3836;19354/503
3837;532
3838;819
3839;215
3840;1051
3841;110330
3842;U048
3843;33070
3844;46107/498
3845;676
3846;BA-746
3847;2850324
3848;14104
3849;329
3850;404-0418
3851;1804
3852;10559
3853;208
3854;
3855;46618
3856;8805
3857;366
3858;231
3859;
3860;
3861;47887/125
3862;
3863;180
3864;SH-3083
3865;699
3866;583
3867;177RG-0376
3868;37309006
3869;LJ507
3870;10207
3871;317952021
3872;3850453
3873;21006
3874;56
3875;345
3876;B-049
3877;46852/125
3878;17552/161
3879;23884/1643
3880;
3881;
3882;8052
3883;AC-481
3884;
3885;439
3886;1705
3887;17341/31
3888;208-00115
3889;402C-0638
3890;7309
3891;23440153
3892;19514/597
3893;23795/1319
3894;
3895;400
3896;767
3897;389
3898;551-0245
3899;97305602
3900;
3901;11223
3902;19035/272
3903;4129
3904;
3905;69
3906;296
3907;3187
3908;24
3909;776
3910;77310801
3911;
3912;217/57N
3913;2351703
3914;163
3915;208-00091
3916;23-067
3917;268
3918;19276/592
3919;1567
3920;103
3921;208B-0169
3922;208B-0172
3923;10206
3924;79
3925;66
3926;208-00043
3927;
3928;
3929;1394
3930;58-1617
3931;1134
3932;7406
3933;83489670
3934;384
3935;25-108
3936;536
3937;131
3938;4589
3939;25325
3940;U197
3941;
3942;43739/279
3943;101
3944;24466
3945;500-0283
3946;D61
3947;UC-46
3948;349
3949;570
3950;BAC 234
3951;20700775
3952;21060195
3953;857
3954;6
3955;
3956;LJ-0448
3957;9431036
3958;
3959;UC- 5
3960;23338
3961;
3962;31
3963;317612024
3964;20266/760
3965;229
3966;1811379
3967;110368
3968;500-0254
3969;
3970;24758 / 23189
3971;45838/104
3972;15805/33553
3973;9631449
3974;0B-3420
3975;47641/746
3976;303
3977;
3978;47240/346
3979;T210-63675
3980;1133
3981;21157 / 45708/77
3982;19377/666
3983;NSP4/2022
3984;208-00104
3985;264
3986;25-172
3987;258/78N
3988;4341
3989;23310/1145 / AC-683
3990;4724
3991;31-7952001
3992;291
3993;832
3994;E-2061
3995;22742/875
3996;47720/846
3997;402B-0859
3998;25095
3999;4833
4000;25D-258
4001;402C0043
4002;4754
4003;
4004;27307910
4005;
4006;402B0827
4007;26643
4008;6108448162153/0151
4009;120-218
4010;8196
4011;404-0657
4012;10399
4013;20700463
4014;26775
4015;97
4016;93494835
4017;24628/283
4018;44
4019;3099
4020;45132/801
4021;7300304
4022;94
4023;606
4024;232
4025;U226
4026;45982/345
4027;271
4028;23-045
4029;2060183
4030;220
4031;676
4032;185008301
4033;3240115
4034;10119
4035;21497
4036;2009
4037;
4038;SH-1975
4039;752
4040;120-077
4041;SU002
4042;178
4043;5029
4044;98
4045;7345407
4046;AN24021
4047;30268
4048;4927
4049;402-0002
4050;28181
4051;1017
4052;1391
4053;4192
4054;
4055;9520841
4056;110-314
4057;208B-0058
4058;
4059;
4060;2580
4061;
4062;25471
4063;17307204
4064;110473
4065;31-7652100
4066;RJ-57
4067;7353
4068;53003
4069;31-7300902
4070;22390
4071;UC-135
4072;21059763
4073;15
4074;43-35632
4075;
4076;110-005
4077;3527
4078;9
4079;45923/383
4080;
4081;22570
4082;452
4083;683
4084;11235
4085;1403
4086;18715/364
4087;800326
4088;77310810
4089;2007
4090;110- 355
4091;125
4092;
4093;141
4094;BA-308
4095;10499
4096;3985
4097;22059/631
4098;234
4099;U-185
4100;25-191
4101;TC-1382
4102;402-0215
4103;21188/444
4104;AN12145
4105;27-7405249
4106;60804
4107;SH-1918
4108;1347903
4109;
4110;77A-222
4111;434
4112;347607
4113;392
4114;25-099
4115;1837
4116;25
4117;1014
4118;438
4119;2116644
4120;405
4121;AC-545
4122;49868
4123;240
4124;20191
4125;316
4126;15908/32656
4127;AF-461
4128;10533
4129;
4130;1488
4131;44656/619
4132;22436
4133;
4134;4624
4135;21737/362
4136;3952
4137;108807113
4138;2905
4139;N-013
4140;IAJ005-18
4141;379
4142;OD-3430
4143;42-8001024
4144;402C0633
4145;53483299
4146;
4147;9631848
4148;187010301
4149;20700453
4150;24913
4151;6106 / 6168
4152;864
4153;10649
4154;46924
4155;21050/1108
4156;2923
4157;210
4158;1620
4159;110391
4160;9862
4161;11
4162;SH-1961
4163;903
4164;
4165;413
4166;111
4167;11393
4168;TH468
4169;BB-0308
4170;110-037
4171;26348
4172;TT-527
4173;1484
4174;4700/83
4175;48495/461
4176;765SA
4177;14102
4178;20961/375
4179;
4180;69
4181;U-228
4182;9
4183;43825/315
4184;18876/217
4185;771
4186;404-0456
4187;805
4188;391
4189;SU035
4190;11131
4191;
4192;402C0501
4193;720396S
4194;E-3215
4195;24805/1878
4196;SH-1967
4197;7029
4198;LJ718
4199;46127
4200;902509
4201;9541944
4202;105
4203;5340120
4204;76A-163
4205;42235
4206;
4207;4
4208;49355
4209;408
4210;421B-0569
4211;1617
4212;49849/1772
4213;
4214;4016557
4215;
4216;706
4217;398
4218;393 / 2030
4219;42
4220;4761
4221;350
4222;12903
4223;89A801
4224;11380
4225;LJ-0445
4226;41016
4227;24-248
4228;13480002
4229;9640950
4230;349
4231;49439
4232;21763/571
4233;AT-033
4234;4351
4235;4432
4236;43089
4237;J-51
4238;632
4239;650-0200
4240;MA036
4241;596
4242;1D-25 / 4322
4243;2773
4244;195
4245;436
4246;6
4247;
4248;730
4249;580
4250;31-7405417
4251;143
4252;110-072
4253;2111
4254;11752
4255;
4256;86A-740
4257;TC-401
4258;25D223
4259;10597
4260;317652170
4261;10577
4262;
4263;42
4264;11092
4265;47590
4266;328006077
4267;
4268;2152
4269;9311326
4270;110-375
4271;58-1098
4272;
4273;583
4274;495
4275;52089
4276;321268
4277;127
4278;23699/1452
4279;538
4280;36
4281;229
4282;4826
4283;9..1337
4284;34346
4285;126
4286;OA-3460
4287;13321
4288;3301
4289;11070
4290;4293
4291;
4292;1G217-55
4293;1340302
4294;401
4295;30824
4296;55
4297;9140220
4298;U-178
4299;835
4300;49426 / 0196
4301;
4302;21575
4303;402C-1019
4304;918
4305;12476
4306;187
4307;20758/322
4308;104
4309;26074/2376
4310;5203
4311;390
4312;45742/26
4313;208B-0236
4314;35-058
4315;208B-0249
4316;17271039
4317;3520
4318;392
4319;790316
4320;225
4321;435
4322;31-77552121
4323;45929/367
4324;11806
4325;208B-0065
4326;LD-249
4327;450/395
4328;35-583
4329;607
4330;221
4331;1768
4332;CC-827B /
4333;83
4334;22538
4335;3801
4336;110-256
4337;25659
4338;31-205
4339;47321
4340;55
4341;1G195-47
4342;1G259-18
4343;A53-2-326
4344;4308068
4345;432
4346;328106063
4347;13
4348;32R7680348
4349;275
4350;473
4351;19525
4352;393
4353;1G153-21
4354;23849
4355;1735
4356;110310
4357;120-122
4358;SH-1839
4359;8014
4360;421C-0265
4361;306
4362;14305
4363;3502
4364;402B-0423
4365;20174
4366;AC-629B
4367;573101103
4368;21554/933
4369;98522942
4370;38
4371;158/28N
4372;95489
4373;172RG0395
4374;
4375;208B-0214
4376;10619
4377;22985
4378;3503
4379;33171
4380;19584/663
4381;23386/1143
4382;63383
4383;76A-0164
4384;UE-119
4385;77303309
4386;1080
4387;24609
4388;207
4389;8142
4390;2301
4391;436
4392;257196
4393;
4394;20800051
4395;45882/282
4396;338
4397;22206/31
4398;500-0111
4399;
4400;62
4401;714
4402;550-0564
4403;
4404;402812
4405;19072/86
4406;25D-243
4407;
4408;402B-1201
4409;U20606794
4410;20696/347
4411;93498967
4412;8223
4413;17702266
4414;STFA001
4415;194
4416;126
4417;582
4418;47377/496
4419;544
4420;33442234
4421;21079/1131
4422;70-1186 / 70-1346
4423;46685/284
4424;1
4425;49714/1524
4426;290
4427;942703
4428;4473
4429;20083/153
4430;734
4431;44663/630
4432;10433
4433;427
4434;10389/120
4435;4597
4436;32
4437;83414451
4438;86A-742
4439;110048
4440;U20603872
4441;19109
4442;25489/505
4443;74
4444;1347703
4445;9,77305E+12
4446;1025
4447;31-7952246
4448;19582/639
4449;9711252
4450;11440
4451;110313
4452;421C02172
4453;6344506
4454;20054/718
4455;22748/555/1023413428
4456;
4457;1G221-39
4458;UC-87 /
4459;4072
4460;23916/187
4461;208B-0199
4462;93492278
4463;746
4464;152/26N
4465;9173
4466;
4467;3402
4468;45901/293
4469;528
4470;35-388
4471;208B-0179
4472;678
4473;120257
4474;126
4475;110458
4476;1769
4477;325
4478;
4479;21013/393
4480;211
4481;208B-0089
4482;500-0135
4483;
4484;37308502
4485;5161
4486;10365
4487;208B-0455
4488;10424
4489;9510640
4490;4829
4491;2048
4492;
4493;27288/2577
4494;280
4495;6
4496;10670
4497;506
4498;
4499;11440
4500;27307610
4501;32-7340021
4502;10415
4503;250
4504;31-033B
4505;41
4506;492
4507;22487/605
4508;45942/349
4509;8220
4510;18053048
4511;21062072
4512;550-0013
4513;820
4514;66360
4515;8217
4516;735
4517;89A-813
4518;214
4519;208B-0432
4520;BB-218
4521;47446/561
4522;5067
4523;54
4524;9441037
4525;
4526;208B-0504
4527;4516003
4528;110285
4529;TC-359
4530;78A-281
4531;402C0515
4532;4520422606
4533;28556/2851
4534;4729
4535;36572094888
4536;19882/175
4537;178
4538;208B-0013
4539;5342801
4540;871919
4541;10576
4542;47069/175
4543;P-130
4544;3341605
4545;297
4546;AN32052
4547;578
4548;208B-0142
4549;208B-0193
4550;19843/735
4551;340B-377
4552;22288/1712
4553;708
4554;1203
4555;53-13
4556;21622/1431
4557;23041/962
4558;007H03
4559;9431835
4560;
4561;
4562;TC-233
4563;2735
4564;63470096
4565;306-3
4566;83481440
4567;SH1946
4568;1997
4569;AC-651B
4570;110343
4571;8075/2017
4572;3054
4573;UE-238
4574;39
4575;
4576;402C0512
4577;710
4578;402C0244
4579;13143
4580;10476
4581;720
4582;10408
4583;48448/465
4584;595
4585;3781
4586;8345502
4587;223/63N
4588;
4589;E1007
4590;550
4591;27307901
4592;1977
4593;18369/125
4594;9721053
4595;120076
4596;284
4597;20562
4598;8345506
4599;207-00105
4600;21119
4601;208B-0061
4602;
4603;501-0058
4604;2028
4605;10594
4606;415
4607;4342510
4608;
4609;3309
4610;4561
4611;4839
4612;10508
4613;17940/355
4614;32963
4615;763
4616;20800235
4617;
4618;3340909
4619;761
4620;1037
4621;U-205
4622;90A-846
4623;108
4624;11831
4625;724
4626;24-270
4627;25378/2732
4628;777
4629;48409/490
4630;694
4631;270
4632;912620
4633;49163/1111
4634;
4635;473
4636;2810
4637;110210
4638;73
4639;U- 45
4640;45499/1011
4641;22168/1770
4642;25064
4643;3213100
4644;208B-0341
4645;
4646;95
4647;110416
4648;LJ-251
4649;8091
4650;UE-347
4651;48468/518
4652;53536/2160
4653;9331730
4654;20389/251
4655;805
4656;404-0690
4657;32-1261
4658;1806
4659;26
4660;110002
4661;3217
4662;31-8352039
4663;28108
4664;35-189
4665;62
4666;60
4667;24542/282
4668;U20602610
4669;
4670;47418/570
4671;12
4672;208-00037
4673;1083800305
4674;31-7405210
4675;20700347
4676;851429
4677;525-0136
4678;31-7300948
4679;3924
4680;2030
4681;46890/77
4682;35-194
4683;208B-0220
4684;22480/448
4685;36
4686;4,52042E+12
4687;796
4688;
4689;110-455
4690;213
4691;SH-3763
4692;861620
4693;
4694;426
4695;9340706
4696;86
4697;53077/1995
4698;
4699;U20604099
4700;45947/341
4701;23060/1069
4702;9620847
4703;12344
4704;624
4705;314
4706;8346004
4707;ZZX3201
4708;208-00311
4709;55-050
4710;21447/508
4711;703
4712;35-646
4713;694
4714;465-5
4715;UC-133
4716;834
4717;
4718;SH-3064
4719;31-8152180
4720;10535
4721;31-7652172
4722;
4723;6708
4724;8027
4725;912
4726;383
4727;163
4728;22280/671
4729;154
4730;12475
4731;5168
4732;203
4733;4073
4734;654
4735;
4736;AB10-454
4737;7952056/79951271
4738;
4739;208-00082
4740;31-8152136
4741;481
4742;31-8252024
4743;208B-0709
4744;32984
4745;BB-47
4746;
4747;8275013
4748;47501/571
4749;
4750;SH-1953
4751;208B-0192
4752;5991
4753;335-0064
4754;86
4755;187010602
4756;28023/1099
4757;27312009
4758;3406
4759;TC-255
4760;PESA001
4761;463
4762;27
4763;LJ-165
4764;13863
4765;19055
4766;BB-158
4767;201
4768;AT-469
4769;35-445
4770;N24A-73
4771;SH3723
4772;
4773;25321/2113
4774;3684/3420
4775;86A-738
4776;UC-142
4777;254
4778;10609
4779;303
4780;501-0150
4781;
4782;96168
4783;208B-0580
4784;C-006
4785;10412
4786;9740856
4787;347002
4788;233
4789;86A-735
4790;760341
4791;AJE 001-10
4792;43451530
4793;32-7840168
4794;63
4795;2477
4796;1AJ005-22
4797;271
4798;25-053
4799;402B1014
4800;C033
4801;28142/718
4802;24602/365
4803;22332/169
4804;21873/41
4805;892401
4806;11443
4807;861705
4808;17268521
4809;90A-866
4810;53009/ 525A-0036
4811;810
4812;20800088
4813;AT-043
4814;TC-250
4815;
4816;45108
4817;420
4818;182005301
4819;25-088
4820;1AJ003-03
4821;E-3291
4822;22063/432
4823;208B0788
4824;1023411375
4825;208B-0689
4826;24-247
4827;730208
4828;861618
4829;560-0077
4830;2167
4831;31-7952127
4832;5414
4833;4702
4834;120-024
4835;752
4836;24403/1706
4837;511
4838;20700204
4839;A12244
4840;19692/498
4841;35-543
4842;91A-871
4843;4342610
4844;ZR726001
4845;M-3719
4846;1G137-53
4847;
4848;208B-0049
4849;912537
4850;3152
4851;AC-620
4852;23308/127
4853;U2060610
4854;2508
4855;T20603622
4856;
4857;266
4858;25307/2135
4859;49522/17023
4860;851402
4861;21843/386
4862;458
4863;1782
4864;
4865;
4866;31-7305093
4867;5041
4868;1006 / 24635/258
4869;310I0145
4870;19335
4871;903
4872;860
4873;760100
4874;828
4875;
4876;51483203027
4877;5265
4878;70802
4879;
4880;726
4881;1A-J008-19
4882;25-073
4883;120043
4884;650-0221
4885;34-8233048
4886;CU20606136
4887;26
4888;279
4889;IL38002/IL38004
4890;60-242
4891;208B-0775
4892;B-245
4893;20221
4894;697
4895;384
4896;10571
4897;871812
4898;1990
4899;140
4900;
4901;208B-0143
4902;322
4903;204
4904;208B-0392
4905;174
4906;810636
4907;E-3241
4908;UE-233
4909;11100
4910;89901508
4911;158
4912;53465941
4913;9346405
4914;1AJ006-04
4915;421-0051
4916;63471155
4917;10254
4918;831109
4919;22700/885
4920;261
4921;E-348
4922;63467003
4923;2042181195
4924;18502037
4925;45-093
4926;
4927;31-7405203
4928;
4929;570137D
4930;7377
4931;
4932;18052039
4933;208B-0549
4934;4926
4935;
4936;
4937;21169/429
4938;402C0413
4939;902505
4940;TC-349
4941;1695
4942;35A-509
4943;208B-0713
4944;
4945;861702
4946;24637
4947;208B-0305
4948;25-116
4949;3025
4950;1864
4951;31306
4952;
4953;17
4954;1G238-12
4955;567
4956;258036
4957;208-0289
4958;
4959;SH-1959
4960;170
4961;AT-439B
4962;
4963;65
4964;47062
4965;24B-190
4966;21090
4967;26283
4968;9540844
4969;208B-0658
4970;UE-365
4971;BB-652
4972;20273
4973;500-0289
4974;1725351
4975;63468036
4976;560-0567
4977;391
4978;UB-37
4979;32-40920
4980;53549
4981;11678
4982;208B-0926
4983;AC-676
4984;
4985;1400101
4986;120070
4987;1G139-35
4988;53460827
4989;872009
4990;651
4991;1611/82
4992;
4993;
4994;247
4995;31-8052199
4996;
4997;353
4998;68
4999;U-15
5000;208B-0784
5001;SH3123
5002;82A-556
5003;60065
5004;197
5005;265-10
5006;
5007;905
5008;347606
5009;449
5010;231
5011;10161
5012;22170
5013;34331
5014;593
5015;875
5016;BB-805
5017;35A-345
5018;762
5019;7697
5020;3009
5021;49189/1173
5022;1037
5023;0208B-0866
5024;
5025;AJE001-15
5026;110071
5027;33448390
5028;
5029;1G177-44
5030;110301
5031;
5032;871923
5033;4195
5034;22075/630
5035;23438122
5036;P21000098
5037;560-0146
5038;174
5039;
5040;500-0115
5041;2205
5042;27308107
5043;43454623
5044;902426
5045;5118
5046;23
5047;21127/915
5048;790304
5049;AC-551B
5050;17311107
5051;DC-818B
5052;LD-220
5053;89
5054;4342404
5055;6991004
5056;79901104
5057;289
5058;258
5059;760508
5060;29099/2982
5061;49484/1315
5062;22580/87
5063;9005
5064;22136/738
5065;37312901
5066;525-0176
5067;207-0508
5068;2053
5069;2400901
5070;208B-0542
5071;22734/818
5072;208B-1052
5073;4386
5074;32471/1535
5075;47562/685
5076;J-27
5077;36525307036
5078;535
5079;35-218
5080;257153
5081;4341803
5082;318
5083;97305605
5084;208B0469
5085;SH-3735/SH-3720
5086;TC-396
5087;421C0337
5088;35-115
5089;U-218
5090;208B-0591
5091;912532
5092;
5093;36547097933
5094;
5095;3003
5096;208B-0381
5097;547
5098;202
5099;648
5100;35A-293
5101;
5102;U20605582
5103;5141
5104;708
5105;208B-0396
5106;1512
5107;3341506
5108;442
5109;10243
5110;1AJ008-21
5111;19430/366
5112;110-396
5113;4880
5114;894
5115;7472
5116;88A788
5117;8005
5118;
5119;8229
5120;34653/2039 /14500965
5121;2075/75
5122;1G137-26Â 
5123;22891/998
5124;470991045/2010
5125;33125
5126;32-8106055
5127;310R-1333
5128;24070
5129;31-627
5130;11308
5131;348
5132;525-0149
5133;
5134;11362
5135;BL-131
5136;BB-234
5137;25664/2393
5138;1168
5139;0049FF
5140;
5141;48390
5142;1013405192
5143;484
5144;
5145;35071/2079
5146;742
5147;851335
5148;483
5149;
5150;550-0246
5151;
5152;
5153;841217
5154;99901908
5155;23220/1084
5156;265-48
5157;208B-1153
5158;108
5159;789
5160;7306103
5161;1100
5162;4341709
5163;LW-182
5164;608
5165;1306
5166;
5167;110323
5168;14-jul
5169;3341108
5170;
5171;49183/1129
5172;
5173;47302001
5174;LJ-1594
5175;208B0415
5176;902521
5177;35A-339
5178;3341110
5179;53185/2090
5180;
5181;208B-0732
5182;LJ-1307
5183;872051
5184;31-7952162
5185;UC-70
5186;30314/342
5187;BB-1026
5188;S-043
5189;92N/412
5190;28
5191;2570
5192;
5193;UE-322
5194;1AJ007-17
5195;AC-600
5196;3009
5197;47731
5198;1609
5199;98734295
5200;UC-65
5201;1151
5202;U-65
5203;1604
5204;8345508
5205;
5206;1374
5207;208B-1137
5208;53276
5209;548
5210;47
5211;
5212;228/N68
5213;8346010
5214;53104 / 53079
5215;1003499994
5216;47153/185
5217;22446/519
5218;U-145
5219;258186
5220;B-76
5221;61297
5222;
5223;10627
5224;53148/2072
5225;208-00327
5226;22088
5227;21545/525
5228;UC-137
5229;361
5230;
5231;25792/2353
5232;314
5233;6311
5234;720
5235;47062
5236;45-028
5237;206-01710
5238;346908
5239;1187
5240;2500
5241;11444
5242;52104
5243;1029
5244;760629
5245;1044
5246;110352
5247;650-0105
5248;4200
5249;
5250;6344310
5251;29789/1065
5252;73410301
5253;920048
5254;403
5255;48600/560
5256;
5257;10538
5258;E3189
5259;959
5260;208B-0695
5261;22264/753
5262;
5263;1982
5264;5005
5265;660
5266;424
5267;
